employee_id,name,department,salary,city,join_date,years_exp,status
EMP0001,Employee_1,Operations,102097,Delhi,2017-07-03,5,Active
EMP0002,Employee_2,Operations,172964,Mumbai,2021-08-15,14,Active
EMP0003,Employee_3,Engineering,90990,Chennai,2021-10-01,1,Inactive
EMP0004,Employee_4,Operations,172853,Hyderabad,2017-06-21,15,On Leave
EMP0005,Employee_5,Engineering,71853,Pune,2019-09-28,11,On Leave
EMP0006,Employee_6,Sales,118236,Mumbai,2016-01-15,13,Active
EMP0007,Employee_7,Marketing,99342,Kolkata,2015-06-27,15,Active
EMP0008,Employee_8,Finance,106854,Kolkata,2022-01-18,20,On Leave
EMP0009,Employee_9,HR,48233,Mumbai,2022-06-01,8,On Leave
EMP0010,Employee_10,Engineering,56476,Hyderabad,2018-02-12,15,On Leave
EMP0011,Employee_11,Sales,84921,Pune,2017-12-29,3,Inactive
EMP0012,Employee_12,HR,72834,Hyderabad,2019-04-04,9,Inactive
EMP0013,Employee_13,Operations,44663,Delhi,2015-05-12,11,
EMP0014,Employee_14,Marketing,178682,Pune,2018-07-12,7,
EMP0015,Employee_15,Finance,150285,Delhi,2017-12-20,5,Inactive
EMP0016,Employee_16,Operations,98876,Pune,2021-07-22,14,
EMP0017,Employee_17,Marketing,66262,Chennai,2020-07-14,3,Active
EMP0018,Employee_18,Engineering,71938,Kolkata,2022-08-19,14,Active
EMP0019,Employee_19,Finance,152696,Chennai,2017-10-26,18,Active
EMP0020,Employee_20,Operations,170763,Kolkata,2017-12-28,11,Active
EMP0021,Employee_21,Marketing,148940,Mumbai,2023-02-05,9,Inactive
EMP0022,Employee_22,HR,108235,Kolkata,2022-03-02,17,Inactive
EMP0023,Employee_23,Sales,72349,Chennai,2020-12-12,1,On Leave
EMP0024,Employee_24,Finance,,Bangalore,2018-06-13,8,Active
EMP0025,Employee_25,Sales,50645,Mumbai,2023-03-17,16,Active
EMP0026,Employee_26,HR,63657,Pune,2020-04-30,18,Inactive
EMP0027,Employee_27,Marketing,140923,Delhi,2021-01-17,7,On Leave
EMP0028,Employee_28,Finance,127889,Hyderabad,2020-10-20,15,Active
EMP0029,Employee_29,Sales,118627,Mumbai,2021-08-06,18,Inactive
EMP0030,Employee_30,HR,48610,Pune,2022-01-28,2,Inactive
EMP0031,Employee_31,Engineering,116619,Mumbai,2020-10-06,8,On Leave
EMP0032,Employee_32,Operations,171356,Delhi,2023-02-10,19,
EMP0033,Employee_33,Sales,136708,Delhi,2016-01-22,4,
EMP0034,Employee_34,Marketing,152427,Kolkata,2023-03-06,2,Active
EMP0035,Employee_35,Engineering,118946,Kolkata,2016-03-23,8,Inactive
EMP0036,Employee_36,Sales,66747,Hyderabad,2017-01-21,9,
EMP0037,Employee_37,Sales,49761,Hyderabad,2021-03-04,4,Active
EMP0038,Employee_38,Operations,33868,Mumbai,2017-08-26,6,
EMP0039,Employee_39,Finance,135130,Mumbai,2016-11-05,13,Active
EMP0040,Employee_40,Finance,149277,Bangalore,2019-09-29,18,
EMP0041,Employee_41,Sales,87068,Mumbai,2021-06-30,18,Active
EMP0042,Employee_42,Operations,43144,Chennai,2020-05-06,17,Inactive
EMP0043,Employee_43,Engineering,51000,Kolkata,2017-01-31,3,Active
EMP0044,Employee_44,Operations,135847,Mumbai,2021-05-22,8,Active
EMP0045,Employee_45,HR,178170,Chennai,2018-07-19,9,Inactive
EMP0046,Employee_46,Operations,92570,Bangalore,2019-06-10,5,On Leave
EMP0047,Employee_47,Finance,49016,Mumbai,2020-02-21,20,Active
EMP0048,Employee_48,Engineering,162614,Bangalore,2016-06-26,12,Active
EMP0049,Employee_49,Sales,71352,Hyderabad,2021-02-03,10,Active
EMP0050,Employee_50,Operations,108480,Pune,2016-02-29,5,On Leave
EMP0051,Employee_51,Engineering,175024,Delhi,2018-01-20,10,Inactive
EMP0052,Employee_52,Operations,99201,Chennai,2020-06-24,9,Active
EMP0053,Employee_53,Engineering,102530,Mumbai,2015-01-15,11,Inactive
EMP0054,Employee_54,Operations,72357,Pune,2019-12-15,18,
EMP0055,Employee_55,HR,,Mumbai,2022-10-01,5,Active
EMP0056,Employee_56,Marketing,68821,Hyderabad,2016-06-06,2,On Leave
EMP0057,Employee_57,Marketing,40458,Bangalore,2017-05-10,8,Active
EMP0058,Employee_58,Marketing,136529,Chennai,2016-09-25,8,Inactive
EMP0059,Employee_59,Sales,36497,Delhi,2018-09-22,14,Inactive
EMP0060,Employee_60,Marketing,58336,Hyderabad,2015-06-08,16,Inactive
EMP0061,Employee_61,Sales,150665,Bangalore,2018-06-04,8,Inactive
EMP0062,Employee_62,Engineering,134455,Bangalore,2018-02-15,3,On Leave
EMP0063,Employee_63,Marketing,134773,Pune,2021-01-05,11,Active
EMP0064,Employee_64,Engineering,98475,Delhi,2021-07-06,9,Active
EMP0065,Employee_65,Engineering,120619,Pune,2018-07-08,14,Active
EMP0066,Employee_66,Finance,79828,Bangalore,2015-07-01,14,Active
EMP0067,Employee_67,HR,171151,Pune,2023-01-25,7,On Leave
EMP0068,Employee_68,Finance,116559,Chennai,2018-07-09,4,On Leave
EMP0069,Employee_69,HR,137057,Bangalore,2019-07-07,10,Inactive
EMP0070,Employee_70,Sales,129390,Pune,2016-12-13,20,On Leave
EMP0071,Employee_71,Finance,30106,Bangalore,2018-03-21,7,
EMP0072,Employee_72,HR,114475,Hyderabad,2019-12-15,15,Inactive
EMP0073,Employee_73,HR,74483,Pune,2015-12-14,10,On Leave
EMP0074,Employee_74,Engineering,91569,Pune,2018-06-25,8,Inactive
EMP0075,Employee_75,Sales,,Delhi,2020-04-30,20,Active
EMP0076,Employee_76,Finance,80970,Pune,2022-10-23,13,
EMP0077,Employee_77,Finance,31453,Kolkata,2016-03-12,14,Inactive
EMP0078,Employee_78,Sales,165779,Hyderabad,2015-07-25,18,Inactive
EMP0079,Employee_79,Engineering,151803,Pune,2020-12-15,18,On Leave
EMP0080,Employee_80,Finance,162324,Hyderabad,2021-02-22,15,Inactive
EMP0081,Employee_81,Operations,147983,Bangalore,2017-10-09,9,
EMP0082,Employee_82,Operations,145309,Mumbai,2023-01-01,10,Inactive
EMP0083,Employee_83,Marketing,171597,Mumbai,2016-07-20,5,Inactive
EMP0084,Employee_84,Finance,86086,Mumbai,2019-08-27,14,On Leave
EMP0085,Employee_85,HR,46322,Delhi,2019-09-17,13,Active
EMP0086,Employee_86,HR,31545,Bangalore,2018-05-08,13,
EMP0087,Employee_87,HR,173165,Kolkata,2021-10-06,8,
EMP0088,Employee_88,Sales,157308,Mumbai,2019-05-12,11,
EMP0089,Employee_89,Operations,152523,Delhi,2021-12-23,18,Active
EMP0090,Employee_90,Finance,37104,Mumbai,2022-03-17,14,Inactive
EMP0091,Employee_91,Finance,98198,Hyderabad,2018-09-02,7,
EMP0092,Employee_92,Marketing,129385,Bangalore,2019-09-23,9,Active
EMP0093,Employee_93,Finance,,Chennai,2015-08-02,12,Inactive
EMP0094,Employee_94,Operations,40553,Kolkata,2015-05-08,8,Inactive
EMP0095,Employee_95,Engineering,92533,Delhi,2020-04-23,4,Inactive
EMP0096,Employee_96,Finance,126703,Delhi,2021-10-17,20,Active
EMP0097,Employee_97,Sales,58337,Chennai,2015-04-16,10,
EMP0098,Employee_98,Finance,81990,Mumbai,2021-08-22,8,Active
EMP0099,Employee_99,Operations,61733,Kolkata,2021-05-07,2,On Leave
EMP0100,Employee_100,HR,127142,Mumbai,2020-09-03,11,Active
EMP0101,Employee_101,Finance,57666,Hyderabad,2019-01-23,15,Inactive
EMP0102,Employee_102,Finance,166772,Pune,2018-01-11,20,
EMP0103,Employee_103,Finance,100358,Bangalore,2017-10-02,3,On Leave
EMP0104,Employee_104,Finance,151820,Chennai,2021-11-04,13,On Leave
EMP0105,Employee_105,Engineering,115200,Delhi,2020-06-20,7,On Leave
EMP0106,Employee_106,Marketing,102422,Chennai,2015-02-11,17,Inactive
EMP0107,Employee_107,Engineering,136542,Hyderabad,2021-03-24,8,
EMP0108,Employee_108,Operations,147486,Kolkata,2015-03-12,3,On Leave
EMP0109,Employee_109,Sales,93780,Bangalore,2022-06-12,19,On Leave
EMP0110,Employee_110,Finance,120113,Hyderabad,2021-03-04,11,On Leave
EMP0111,Employee_111,Operations,110379,Bangalore,2017-08-02,4,Inactive
EMP0112,Employee_112,Marketing,170473,Kolkata,2022-09-27,6,Inactive
EMP0113,Employee_113,Sales,102482,Pune,2021-08-11,17,On Leave
EMP0114,Employee_114,Engineering,107659,Delhi,2019-01-18,6,On Leave
EMP0115,Employee_115,Engineering,63182,Bangalore,2015-07-06,2,On Leave
EMP0116,Employee_116,Operations,158680,Mumbai,2015-02-20,19,On Leave
EMP0117,Employee_117,Finance,119314,Delhi,2015-07-30,9,
EMP0118,Employee_118,Engineering,135043,Hyderabad,2015-10-31,19,Active
EMP0119,Employee_119,Sales,177545,Bangalore,2015-12-15,8,Active
EMP0120,Employee_120,HR,89162,Kolkata,2020-11-10,13,
EMP0121,Employee_121,Finance,142415,Bangalore,2021-05-18,20,Active
EMP0122,Employee_122,HR,56013,Kolkata,2017-05-01,7,On Leave
EMP0123,Employee_123,Operations,92879,Delhi,2021-03-10,3,Inactive
EMP0124,Employee_124,Engineering,153184,Bangalore,2015-05-14,8,On Leave
EMP0125,Employee_125,Operations,149021,Mumbai,2022-09-16,8,On Leave
EMP0126,Employee_126,Operations,81857,Hyderabad,2016-04-15,18,Inactive
EMP0127,Employee_127,Operations,99633,Kolkata,2016-08-05,3,Active
EMP0128,Employee_128,Sales,179214,Bangalore,2019-12-04,4,
EMP0129,Employee_129,Operations,135515,Bangalore,2020-08-11,18,
EMP0130,Employee_130,Finance,40449,Hyderabad,2018-08-13,20,On Leave
EMP0131,Employee_131,Engineering,35438,Kolkata,2022-07-16,9,Active
EMP0132,Employee_132,Sales,145927,Bangalore,2017-01-13,19,
EMP0133,Employee_133,Operations,53918,Hyderabad,2018-11-26,14,On Leave
EMP0134,Employee_134,Marketing,72159,Bangalore,2019-08-14,16,On Leave
EMP0135,Employee_135,Operations,174204,Mumbai,2020-02-06,3,On Leave
EMP0136,Employee_136,Marketing,135952,Kolkata,2020-10-08,1,
EMP0137,Employee_137,Finance,165905,Bangalore,2021-12-25,16,
EMP0138,Employee_138,Engineering,173974,Delhi,2018-03-25,15,
EMP0139,Employee_139,Engineering,,Pune,2021-10-29,8,Inactive
EMP0140,Employee_140,Marketing,174769,Hyderabad,2016-01-17,8,Active
EMP0141,Employee_141,Finance,70362,Hyderabad,2023-01-14,10,On Leave
EMP0142,Employee_142,Finance,153789,Delhi,2020-02-14,18,Inactive
EMP0143,Employee_143,Finance,163232,Pune,2016-07-13,3,On Leave
EMP0144,Employee_144,Finance,163100,Bangalore,2015-01-11,10,On Leave
EMP0145,Employee_145,HR,158356,Kolkata,2016-08-31,15,
EMP0146,Employee_146,Marketing,172456,Hyderabad,2020-02-09,11,Inactive
EMP0147,Employee_147,Operations,130393,Delhi,2019-08-10,2,On Leave
EMP0148,Employee_148,Operations,129937,Hyderabad,2022-06-11,5,
EMP0149,Employee_149,Engineering,117030,Kolkata,2016-02-16,15,Active
EMP0150,Employee_150,HR,34023,Pune,2016-08-13,14,Inactive
EMP0151,Employee_151,Engineering,99474,Bangalore,2021-12-27,13,Active
EMP0152,Employee_152,Marketing,169885,Hyderabad,2018-07-21,16,Active
EMP0153,Employee_153,HR,105334,Delhi,2016-01-06,14,Active
EMP0154,Employee_154,Operations,56347,Hyderabad,2016-11-12,10,Active
EMP0155,Employee_155,Engineering,44711,Bangalore,2019-01-08,12,
EMP0156,Employee_156,Sales,138016,Chennai,2022-08-24,6,Inactive
EMP0157,Employee_157,Sales,130281,Chennai,2022-08-30,8,
EMP0158,Employee_158,HR,150887,Pune,2017-11-06,15,On Leave
EMP0159,Employee_159,Operations,,Kolkata,2020-03-20,10,Inactive
EMP0160,Employee_160,Engineering,120587,Chennai,2018-05-10,14,On Leave
EMP0161,Employee_161,Finance,82223,Hyderabad,2020-06-02,4,Inactive
EMP0162,Employee_162,Finance,107561,Pune,2018-04-24,1,
EMP0163,Employee_163,Marketing,,Kolkata,2022-09-10,2,
EMP0164,Employee_164,Marketing,90324,Chennai,2018-12-14,8,Inactive
EMP0165,Employee_165,HR,65855,Pune,2016-02-02,2,On Leave
EMP0166,Employee_166,Finance,,Bangalore,2023-03-19,5,Active
EMP0167,Employee_167,Marketing,138921,Delhi,2017-04-02,5,On Leave
EMP0168,Employee_168,HR,101441,Kolkata,2016-11-04,9,
EMP0169,Employee_169,Marketing,118792,Kolkata,2016-04-16,15,Active
EMP0170,Employee_170,Sales,89143,Kolkata,2022-08-02,13,On Leave
EMP0171,Employee_171,Engineering,33648,Bangalore,2021-01-06,4,
EMP0172,Employee_172,Marketing,98724,Chennai,2019-04-10,12,Active
EMP0173,Employee_173,Operations,36560,Chennai,2021-04-18,11,Inactive
EMP0174,Employee_174,Operations,151704,Pune,2018-05-22,14,Active
EMP0175,Employee_175,Sales,,Mumbai,2018-05-31,16,Active
EMP0176,Employee_176,Engineering,170914,Delhi,2019-05-11,15,On Leave
EMP0177,Employee_177,Operations,171608,Hyderabad,2021-08-02,5,
EMP0178,Employee_178,Operations,158279,Chennai,2019-07-30,9,Active
EMP0179,Employee_179,Operations,146230,Hyderabad,2017-08-25,12,Active
EMP0180,Employee_180,Operations,124024,Mumbai,2019-06-19,9,Inactive
EMP0181,Employee_181,Engineering,149201,Mumbai,2022-06-07,7,Active
EMP0182,Employee_182,Engineering,93850,Delhi,2021-05-01,7,Active
EMP0183,Employee_183,HR,86610,Kolkata,2017-08-12,11,Inactive
EMP0184,Employee_184,HR,,Kolkata,2016-08-15,5,On Leave
EMP0185,Employee_185,Sales,36758,Delhi,2015-03-02,12,Inactive
EMP0186,Employee_186,HR,75677,Bangalore,2015-08-03,5,
EMP0187,Employee_187,HR,46661,Hyderabad,2020-01-11,12,Active
EMP0188,Employee_188,Finance,41367,Pune,2022-05-22,17,On Leave
EMP0189,Employee_189,Finance,38165,Mumbai,2020-05-15,13,
EMP0190,Employee_190,Operations,146277,Mumbai,2015-11-27,11,Inactive
EMP0191,Employee_191,Engineering,173748,Pune,2018-08-24,13,On Leave
EMP0192,Employee_192,Finance,142774,Mumbai,2022-11-14,4,Inactive
EMP0193,Employee_193,Finance,89898,Hyderabad,2018-10-20,15,
EMP0194,Employee_194,Finance,111932,Hyderabad,2018-07-04,9,On Leave
EMP0195,Employee_195,Sales,154326,Mumbai,2016-01-09,3,Active
EMP0196,Employee_196,Finance,127687,Kolkata,2016-06-16,18,Active
EMP0197,Employee_197,HR,177241,Bangalore,2022-07-07,4,
EMP0198,Employee_198,Marketing,140870,Kolkata,2023-02-01,2,On Leave
EMP0199,Employee_199,HR,57158,Chennai,2020-09-09,7,Inactive
EMP0200,Employee_200,Operations,58368,Bangalore,2021-03-28,12,Active
EMP0201,Employee_201,Marketing,142489,Kolkata,2021-04-16,20,Active
EMP0202,Employee_202,HR,100109,Mumbai,2017-01-08,9,On Leave
EMP0203,Employee_203,Marketing,77554,Kolkata,2016-08-09,19,
EMP0204,Employee_204,Engineering,38036,Mumbai,2020-12-12,7,
EMP0205,Employee_205,Finance,71263,Bangalore,2018-06-30,11,Active
EMP0206,Employee_206,Engineering,43044,Pune,2015-12-01,9,
EMP0207,Employee_207,Operations,145879,Hyderabad,2018-01-23,7,Active
EMP0208,Employee_208,Marketing,104251,Pune,2022-08-11,19,
EMP0209,Employee_209,HR,41905,Delhi,2019-06-07,20,Active
EMP0210,Employee_210,Engineering,85373,Kolkata,2016-07-16,9,On Leave
EMP0211,Employee_211,Marketing,160386,Pune,2019-10-30,6,Inactive
EMP0212,Employee_212,Finance,90322,Chennai,2021-04-07,12,Active
EMP0213,Employee_213,Finance,41089,Hyderabad,2015-03-18,15,Active
EMP0214,Employee_214,Marketing,136017,Pune,2022-03-07,14,On Leave
EMP0215,Employee_215,Engineering,115136,Delhi,2021-12-06,15,On Leave
EMP0216,Employee_216,Engineering,57751,Delhi,2019-11-20,19,
EMP0217,Employee_217,HR,111336,Pune,2018-10-22,8,On Leave
EMP0218,Employee_218,Sales,59891,Chennai,2020-09-19,7,On Leave
EMP0219,Employee_219,Marketing,68716,Delhi,2016-02-26,5,On Leave
EMP0220,Employee_220,Sales,70073,Kolkata,2022-05-08,3,Inactive
EMP0221,Employee_221,Operations,177779,Kolkata,2021-07-01,15,On Leave
EMP0222,Employee_222,Operations,145281,Mumbai,2020-04-04,15,On Leave
EMP0223,Employee_223,Marketing,122259,Chennai,2015-10-31,10,
EMP0224,Employee_224,Finance,,Bangalore,2018-03-21,3,Active
EMP0225,Employee_225,HR,130789,Hyderabad,2021-07-05,18,Active
EMP0226,Employee_226,Finance,179856,Pune,2017-02-10,11,
EMP0227,Employee_227,HR,46219,Hyderabad,2016-02-28,11,Active
EMP0228,Employee_228,HR,40260,Delhi,2022-12-08,15,
EMP0229,Employee_229,HR,71614,Bangalore,2019-03-08,10,
EMP0230,Employee_230,Finance,43727,Kolkata,2022-01-28,11,Active
EMP0231,Employee_231,Marketing,131335,Bangalore,2017-10-29,20,Inactive
EMP0232,Employee_232,Marketing,67074,Bangalore,2018-06-24,13,Inactive
EMP0233,Employee_233,HR,52208,Bangalore,2021-04-08,13,On Leave
EMP0234,Employee_234,Sales,167990,Mumbai,2022-03-31,14,On Leave
EMP0235,Employee_235,Engineering,77254,Delhi,2018-10-31,16,Inactive
EMP0236,Employee_236,Sales,70617,Mumbai,2018-04-26,4,Active
EMP0237,Employee_237,Operations,64353,Chennai,2019-03-24,5,Inactive
EMP0238,Employee_238,Sales,73395,Pune,2019-11-28,2,
EMP0239,Employee_239,Marketing,92267,Hyderabad,2021-11-05,10,
EMP0240,Employee_240,Sales,111125,Kolkata,2020-04-05,7,On Leave
EMP0241,Employee_241,Operations,145499,Hyderabad,2018-02-28,13,
EMP0242,Employee_242,Sales,66280,Kolkata,2017-10-21,2,
EMP0243,Employee_243,Marketing,56893,Pune,2020-10-14,4,On Leave
EMP0244,Employee_244,Engineering,101510,Hyderabad,2020-10-03,5,
EMP0245,Employee_245,Engineering,88205,Kolkata,2020-01-22,12,Active
EMP0246,Employee_246,Finance,161598,Bangalore,2017-08-23,13,Active
EMP0247,Employee_247,Marketing,113541,Mumbai,2023-01-06,11,Inactive
EMP0248,Employee_248,Sales,,Kolkata,2020-04-19,5,
EMP0249,Employee_249,Finance,50768,Mumbai,2017-11-14,7,Inactive
EMP0250,Employee_250,HR,168352,Hyderabad,2016-03-31,10,Inactive
EMP0251,Employee_251,Marketing,92505,Hyderabad,2022-03-02,20,
EMP0252,Employee_252,Engineering,161027,Chennai,2021-01-04,1,Inactive
EMP0253,Employee_253,Operations,142522,Mumbai,2021-11-23,12,Inactive
EMP0254,Employee_254,HR,52443,Chennai,2019-01-17,3,Active
EMP0255,Employee_255,Finance,41412,Pune,2019-05-04,12,On Leave
EMP0256,Employee_256,Operations,,Kolkata,2015-10-04,12,Inactive
EMP0257,Employee_257,Operations,57174,Kolkata,2021-07-11,11,Inactive
EMP0258,Employee_258,Engineering,118748,Kolkata,2022-03-17,6,
EMP0259,Employee_259,Operations,77783,Kolkata,2016-07-06,3,
EMP0260,Employee_260,Engineering,41483,Kolkata,2017-03-28,2,On Leave
EMP0261,Employee_261,Marketing,172352,Hyderabad,2017-11-03,2,Inactive
EMP0262,Employee_262,Marketing,42531,Kolkata,2022-05-09,11,On Leave
EMP0263,Employee_263,Engineering,144544,Hyderabad,2019-12-07,13,On Leave
EMP0264,Employee_264,Sales,160422,Bangalore,2020-10-27,9,Active
EMP0265,Employee_265,Operations,142881,Chennai,2017-01-09,18,On Leave
EMP0266,Employee_266,Marketing,115962,Pune,2018-04-25,10,
EMP0267,Employee_267,HR,73684,Pune,2019-12-24,12,
EMP0268,Employee_268,Engineering,122421,Chennai,2019-11-17,9,Active
EMP0269,Employee_269,Engineering,136485,Bangalore,2020-10-02,6,Active
EMP0270,Employee_270,Sales,144864,Mumbai,2016-06-01,3,Inactive
EMP0271,Employee_271,Operations,130362,Chennai,2015-05-13,20,Inactive
EMP0272,Employee_272,Operations,127246,Bangalore,2019-12-24,3,Inactive
EMP0273,Employee_273,HR,112414,Pune,2018-02-15,8,Active
EMP0274,Employee_274,Engineering,160821,Chennai,2019-05-05,18,Active
EMP0275,Employee_275,Marketing,146987,Delhi,2021-11-11,10,
EMP0276,Employee_276,Sales,49412,Hyderabad,2016-12-08,15,Active
EMP0277,Employee_277,Operations,113778,Pune,2018-11-24,3,On Leave
EMP0278,Employee_278,Marketing,75636,Kolkata,2019-01-20,17,Inactive
EMP0279,Employee_279,Engineering,66405,Delhi,2020-07-16,1,On Leave
EMP0280,Employee_280,HR,152527,Kolkata,2021-03-09,5,Active
EMP0281,Employee_281,Engineering,155479,Chennai,2019-08-10,14,Active
EMP0282,Employee_282,Sales,49441,Hyderabad,2020-03-23,17,On Leave
EMP0283,Employee_283,Sales,174520,Pune,2021-08-04,6,Inactive
EMP0284,Employee_284,Finance,44526,Kolkata,2016-05-23,17,Inactive
EMP0285,Employee_285,Marketing,114583,Pune,2017-07-12,12,On Leave
EMP0286,Employee_286,Engineering,174399,Bangalore,2016-05-27,10,Active
EMP0287,Employee_287,HR,70421,Delhi,2022-05-22,20,On Leave
EMP0288,Employee_288,HR,,Kolkata,2015-04-27,3,Active
EMP0289,Employee_289,Operations,99377,Pune,2017-05-13,19,
EMP0290,Employee_290,HR,160557,Pune,2021-02-12,10,On Leave
EMP0291,Employee_291,Finance,136454,Bangalore,2020-02-01,3,Active
EMP0292,Employee_292,Sales,156943,Hyderabad,2017-04-15,11,Inactive
EMP0293,Employee_293,Marketing,113706,Pune,2018-11-15,13,Inactive
EMP0294,Employee_294,Marketing,57835,Bangalore,2017-09-17,15,Active
EMP0295,Employee_295,Marketing,66930,Mumbai,2015-07-27,10,
EMP0296,Employee_296,HR,71864,Kolkata,2018-09-03,19,On Leave
EMP0297,Employee_297,Sales,160617,Chennai,2020-03-27,16,On Leave
EMP0298,Employee_298,Finance,,Hyderabad,2020-09-01,15,Inactive
EMP0299,Employee_299,Sales,42755,Mumbai,2018-02-26,16,
EMP0300,Employee_300,Marketing,58179,Hyderabad,2016-07-02,9,On Leave
EMP0301,Employee_301,Finance,135010,Mumbai,2021-05-24,18,Inactive
EMP0302,Employee_302,Marketing,49275,Hyderabad,2020-08-27,15,On Leave
EMP0303,Employee_303,HR,61145,Delhi,2016-02-01,13,On Leave
EMP0304,Employee_304,Marketing,125841,Kolkata,2016-08-13,7,
EMP0305,Employee_305,HR,,Mumbai,2016-07-15,11,
EMP0306,Employee_306,HR,165136,Delhi,2018-09-05,20,On Leave
EMP0307,Employee_307,Sales,108442,Chennai,2018-10-09,17,
EMP0308,Employee_308,Operations,154490,Kolkata,2015-03-10,12,On Leave
EMP0309,Employee_309,Operations,139193,Chennai,2018-06-14,1,
EMP0310,Employee_310,Marketing,89649,Pune,2015-07-30,19,
EMP0311,Employee_311,Sales,129664,Delhi,2022-08-20,8,Active
EMP0312,Employee_312,HR,58808,Delhi,2015-03-19,15,On Leave
EMP0313,Employee_313,Finance,83448,Hyderabad,2020-08-17,20,
EMP0314,Employee_314,Operations,66197,Chennai,2017-04-29,18,On Leave
EMP0315,Employee_315,Operations,128782,Bangalore,2016-12-10,15,On Leave
EMP0316,Employee_316,HR,99300,Chennai,2020-06-06,7,Inactive
EMP0317,Employee_317,Marketing,88947,Bangalore,2018-03-29,7,
EMP0318,Employee_318,Marketing,176928,Kolkata,2023-02-03,9,On Leave
EMP0319,Employee_319,Engineering,172394,Hyderabad,2019-06-05,12,Inactive
EMP0320,Employee_320,Marketing,,Pune,2015-11-20,12,
EMP0321,Employee_321,Operations,155587,Delhi,2017-04-07,18,On Leave
EMP0322,Employee_322,HR,65985,Mumbai,2021-11-26,19,Inactive
EMP0323,Employee_323,Sales,169209,Delhi,2022-02-26,8,Active
EMP0324,Employee_324,Engineering,153837,Mumbai,2022-08-22,5,Active
EMP0325,Employee_325,HR,71403,Hyderabad,2022-04-28,16,
EMP0326,Employee_326,Operations,105299,Bangalore,2018-03-15,2,Active
EMP0327,Employee_327,Operations,170286,Pune,2023-02-09,2,Inactive
EMP0328,Employee_328,Finance,76081,Mumbai,2019-06-15,16,Inactive
EMP0329,Employee_329,Operations,105882,Mumbai,2015-02-07,10,Active
EMP0330,Employee_330,Marketing,172422,Chennai,2020-07-16,5,
EMP0331,Employee_331,Marketing,59529,Bangalore,2016-10-27,15,On Leave
EMP0332,Employee_332,Operations,118371,Kolkata,2018-04-23,19,Inactive
EMP0333,Employee_333,Sales,136296,Kolkata,2019-10-18,17,On Leave
EMP0334,Employee_334,Engineering,55004,Delhi,2016-07-29,16,On Leave
EMP0335,Employee_335,Sales,,Hyderabad,2017-08-22,15,On Leave
EMP0336,Employee_336,Marketing,32997,Bangalore,2022-05-01,12,Inactive
EMP0337,Employee_337,Engineering,152000,Bangalore,2016-10-16,13,On Leave
EMP0338,Employee_338,Operations,107342,Bangalore,2021-11-22,8,Inactive
EMP0339,Employee_339,Sales,149269,Pune,2021-10-17,12,
EMP0340,Employee_340,Operations,153424,Kolkata,2021-01-10,7,Inactive
EMP0341,Employee_341,Operations,51461,Chennai,2020-01-04,17,On Leave
EMP0342,Employee_342,Engineering,59414,Mumbai,2021-02-21,17,Inactive
EMP0343,Employee_343,HR,73132,Bangalore,2020-11-01,15,Active
EMP0344,Employee_344,Operations,158143,Mumbai,2020-09-21,15,Active
EMP0345,Employee_345,Finance,138901,Hyderabad,2021-04-28,2,
EMP0346,Employee_346,Operations,35706,Hyderabad,2017-11-08,1,Inactive
EMP0347,Employee_347,HR,141069,Bangalore,2022-11-08,3,Active
EMP0348,Employee_348,Engineering,153750,Mumbai,2018-03-21,14,Inactive
EMP0349,Employee_349,Sales,140195,Bangalore,2019-04-16,15,
EMP0350,Employee_350,Finance,171374,Delhi,2022-04-30,12,Active
EMP0351,Employee_351,Sales,133037,Chennai,2016-06-05,8,Active
EMP0352,Employee_352,Engineering,151373,Pune,2023-01-24,18,
EMP0353,Employee_353,HR,90205,Delhi,2020-03-01,12,Inactive
EMP0354,Employee_354,Marketing,59581,Mumbai,2022-05-28,14,Active
EMP0355,Employee_355,Sales,56449,Chennai,2015-05-18,15,Active
EMP0356,Employee_356,Sales,135451,Hyderabad,2017-08-17,18,Inactive
EMP0357,Employee_357,Engineering,105828,Delhi,2023-03-16,19,On Leave
EMP0358,Employee_358,HR,114060,Delhi,2018-05-21,5,Inactive
EMP0359,Employee_359,Finance,45979,Chennai,2021-08-20,6,
EMP0360,Employee_360,HR,120286,Pune,2022-07-12,13,On Leave
EMP0361,Employee_361,Operations,69116,Bangalore,2019-03-22,6,
EMP0362,Employee_362,Sales,108836,Kolkata,2022-12-08,5,
EMP0363,Employee_363,Engineering,139185,Chennai,2020-12-10,5,
EMP0364,Employee_364,Sales,116576,Pune,2015-11-20,15,On Leave
EMP0365,Employee_365,Engineering,79933,Mumbai,2018-01-04,13,Active
EMP0366,Employee_366,Engineering,176499,Delhi,2020-05-17,7,On Leave
EMP0367,Employee_367,Marketing,34019,Delhi,2017-02-17,4,
EMP0368,Employee_368,Sales,83611,Hyderabad,2017-09-07,18,On Leave
EMP0369,Employee_369,Marketing,169893,Pune,2019-01-11,10,On Leave
EMP0370,Employee_370,Marketing,160358,Hyderabad,2016-02-08,16,On Leave
EMP0371,Employee_371,Sales,138509,Mumbai,2021-04-23,8,Inactive
EMP0372,Employee_372,Engineering,139465,Bangalore,2016-09-16,7,On Leave
EMP0373,Employee_373,Sales,94416,Hyderabad,2021-03-05,11,On Leave
EMP0374,Employee_374,Finance,158606,Hyderabad,2016-11-20,12,Inactive
EMP0375,Employee_375,Sales,158009,Delhi,2021-01-29,2,Active
EMP0376,Employee_376,Engineering,42717,Kolkata,2015-01-27,14,Inactive
EMP0377,Employee_377,Operations,69591,Mumbai,2017-06-14,17,
EMP0378,Employee_378,Marketing,156669,Pune,2020-06-21,1,Active
EMP0379,Employee_379,HR,33106,Mumbai,2020-12-08,9,On Leave
EMP0380,Employee_380,Engineering,142872,Kolkata,2017-01-04,4,Active
EMP0381,Employee_381,HR,80313,Chennai,2020-11-26,9,On Leave
EMP0382,Employee_382,Marketing,50714,Bangalore,2019-07-22,15,Inactive
EMP0383,Employee_383,Operations,51133,Pune,2022-04-15,2,Active
EMP0384,Employee_384,Finance,174887,Hyderabad,2015-08-18,1,Inactive
EMP0385,Employee_385,Engineering,143746,Pune,2018-09-18,19,Active
EMP0386,Employee_386,HR,90231,Delhi,2022-10-06,19,
EMP0387,Employee_387,Marketing,,Mumbai,2022-09-04,9,Active
EMP0388,Employee_388,Sales,112440,Mumbai,2017-04-28,19,Inactive
EMP0389,Employee_389,Operations,50168,Bangalore,2016-10-27,19,Inactive
EMP0390,Employee_390,HR,132015,Pune,2021-01-23,11,
EMP0391,Employee_391,Operations,50559,Chennai,2018-11-17,2,Active
EMP0392,Employee_392,Finance,49927,Bangalore,2021-10-14,20,
EMP0393,Employee_393,Marketing,,Bangalore,2020-01-20,16,Inactive
EMP0394,Employee_394,Marketing,128415,Hyderabad,2017-01-30,19,
EMP0395,Employee_395,Engineering,107431,Kolkata,2017-10-06,3,Active
EMP0396,Employee_396,Marketing,70442,Pune,2019-05-15,11,On Leave
EMP0397,Employee_397,Engineering,110810,Hyderabad,2019-01-14,9,Active
EMP0398,Employee_398,Sales,142978,Hyderabad,2021-03-31,18,
EMP0399,Employee_399,Engineering,,Bangalore,2021-03-20,3,On Leave
EMP0400,Employee_400,Finance,,Hyderabad,2019-05-08,3,Inactive
EMP0401,Employee_401,HR,129806,Delhi,2016-07-22,9,On Leave
EMP0402,Employee_402,Marketing,46585,Delhi,2019-11-16,9,
EMP0403,Employee_403,Marketing,50164,Bangalore,2017-10-27,8,
EMP0404,Employee_404,HR,150025,Mumbai,2016-07-08,10,Active
EMP0405,Employee_405,Finance,129585,Kolkata,2018-09-11,15,On Leave
EMP0406,Employee_406,Finance,65684,Bangalore,2018-08-06,20,Inactive
EMP0407,Employee_407,Finance,134396,Bangalore,2018-04-08,16,Inactive
EMP0408,Employee_408,Marketing,133005,Bangalore,2016-04-11,19,Inactive
EMP0409,Employee_409,HR,77166,Pune,2021-03-03,1,
EMP0410,Employee_410,Operations,106370,Kolkata,2022-10-08,3,
EMP0411,Employee_411,Operations,109385,Delhi,2017-10-31,5,
EMP0412,Employee_412,Finance,155628,Chennai,2019-06-30,18,
EMP0413,Employee_413,HR,,Bangalore,2022-11-13,18,Active
EMP0414,Employee_414,Engineering,123063,Delhi,2022-04-04,20,Active
EMP0415,Employee_415,HR,134757,Kolkata,2018-09-20,14,Active
EMP0416,Employee_416,Engineering,88196,Chennai,2020-10-25,18,Inactive
EMP0417,Employee_417,Finance,151389,Kolkata,2022-08-15,19,Inactive
EMP0418,Employee_418,Marketing,156555,Mumbai,2018-04-25,14,Active
EMP0419,Employee_419,Engineering,67139,Bangalore,2018-07-01,11,
EMP0420,Employee_420,Sales,121304,Hyderabad,2016-02-04,15,
EMP0421,Employee_421,Marketing,41713,Kolkata,2022-12-21,4,Active
EMP0422,Employee_422,Marketing,73084,Pune,2017-09-26,17,Inactive
EMP0423,Employee_423,HR,176761,Hyderabad,2020-03-07,8,
EMP0424,Employee_424,Operations,143281,Hyderabad,2015-04-30,20,Inactive
EMP0425,Employee_425,Finance,131930,Mumbai,2022-11-26,7,Inactive
EMP0426,Employee_426,Marketing,46400,Chennai,2016-02-21,18,Inactive
EMP0427,Employee_427,Marketing,149944,Mumbai,2017-12-10,16,On Leave
EMP0428,Employee_428,HR,132903,Chennai,2016-04-12,12,On Leave
EMP0429,Employee_429,Finance,107973,Chennai,2021-08-14,3,Inactive
EMP0430,Employee_430,Marketing,110053,Mumbai,2017-01-19,12,Inactive
EMP0431,Employee_431,HR,66141,Chennai,2019-04-21,14,Inactive
EMP0432,Employee_432,Finance,75412,Chennai,2016-11-14,16,On Leave
EMP0433,Employee_433,Sales,148227,Chennai,2015-08-08,12,Active
EMP0434,Employee_434,Finance,130648,Chennai,2020-09-01,16,
EMP0435,Employee_435,Operations,146353,Hyderabad,2016-11-16,3,Active
EMP0436,Employee_436,Sales,102051,Delhi,2021-01-11,10,Inactive
EMP0437,Employee_437,Finance,159843,Chennai,2020-09-23,4,Active
EMP0438,Employee_438,Marketing,126170,Chennai,2015-06-20,15,Inactive
EMP0439,Employee_439,Finance,94888,Bangalore,2015-05-13,15,On Leave
EMP0440,Employee_440,Marketing,52802,Hyderabad,2016-04-25,8,Inactive
EMP0441,Employee_441,Operations,121915,Kolkata,2022-12-21,20,
EMP0442,Employee_442,Sales,84164,Kolkata,2017-04-27,2,On Leave
EMP0443,Employee_443,HR,171234,Delhi,2018-08-18,10,On Leave
EMP0444,Employee_444,HR,164850,Pune,2016-01-26,5,
EMP0445,Employee_445,Engineering,63262,Pune,2016-06-27,8,Inactive
EMP0446,Employee_446,Operations,94894,Kolkata,2022-08-01,13,
EMP0447,Employee_447,Sales,100442,Pune,2019-08-24,13,
EMP0448,Employee_448,Engineering,54404,Hyderabad,2020-10-12,9,On Leave
EMP0449,Employee_449,Finance,115796,Chennai,2015-01-11,3,
EMP0450,Employee_450,Operations,123905,Kolkata,2015-09-17,18,
EMP0451,Employee_451,Sales,85535,Hyderabad,2018-01-04,11,On Leave
EMP0452,Employee_452,Marketing,64234,Chennai,2020-06-10,11,Active
EMP0453,Employee_453,Engineering,150476,Mumbai,2016-05-23,6,
EMP0454,Employee_454,Finance,,Hyderabad,2017-04-08,5,On Leave
EMP0455,Employee_455,Sales,101832,Mumbai,2022-05-05,12,On Leave
EMP0456,Employee_456,Engineering,73391,Mumbai,2019-06-12,10,Inactive
EMP0457,Employee_457,Finance,54951,Mumbai,2017-05-24,16,Active
EMP0458,Employee_458,Sales,166169,Pune,2019-12-28,1,Active
EMP0459,Employee_459,Operations,61612,Kolkata,2019-09-26,5,
EMP0460,Employee_460,Engineering,53417,Pune,2016-02-24,4,On Leave
EMP0461,Employee_461,Marketing,65947,Hyderabad,2016-06-29,5,Active
EMP0462,Employee_462,HR,73022,Hyderabad,2018-12-09,7,Inactive
EMP0463,Employee_463,Finance,145968,Kolkata,2017-06-08,3,Active
EMP0464,Employee_464,Sales,130671,Bangalore,2019-10-25,11,Inactive
EMP0465,Employee_465,Sales,52085,Delhi,2021-03-16,20,On Leave
EMP0466,Employee_466,Operations,,Kolkata,2022-05-20,10,Inactive
EMP0467,Employee_467,HR,79452,Pune,2019-05-24,10,Active
EMP0468,Employee_468,Sales,59555,Delhi,2020-08-08,20,Active
EMP0469,Employee_469,HR,33163,Bangalore,2018-07-20,5,
EMP0470,Employee_470,HR,173224,Pune,2016-12-08,16,Active
EMP0471,Employee_471,Engineering,33615,Bangalore,2017-06-02,2,Active
EMP0472,Employee_472,Finance,161346,Kolkata,2019-08-29,14,
EMP0473,Employee_473,Engineering,170943,Chennai,2016-09-17,9,Active
EMP0474,Employee_474,Marketing,83267,Kolkata,2016-09-28,18,On Leave
EMP0475,Employee_475,Finance,47331,Bangalore,2022-11-01,14,Inactive
EMP0476,Employee_476,Engineering,143897,Mumbai,2020-02-01,20,Active
EMP0477,Employee_477,Marketing,76044,Mumbai,2015-02-21,5,Active
EMP0478,Employee_478,Sales,120886,Chennai,2020-10-19,9,Inactive
EMP0479,Employee_479,Marketing,100454,Pune,2016-04-28,1,On Leave
EMP0480,Employee_480,Finance,46743,Bangalore,2022-12-27,19,Active
EMP0481,Employee_481,Finance,124404,Mumbai,2020-08-08,19,Inactive
EMP0482,Employee_482,Marketing,56975,Chennai,2022-07-24,4,Inactive
EMP0483,Employee_483,Operations,41544,Kolkata,2015-02-20,8,Active
EMP0484,Employee_484,Finance,69343,Delhi,2015-05-25,18,
EMP0485,Employee_485,Sales,139119,Pune,2018-08-03,9,Active
EMP0486,Employee_486,HR,161607,Pune,2015-08-04,6,Inactive
EMP0487,Employee_487,HR,135100,Mumbai,2020-03-20,10,On Leave
EMP0488,Employee_488,Marketing,149733,Mumbai,2019-02-20,7,On Leave
EMP0489,Employee_489,HR,93591,Hyderabad,2019-02-17,19,
EMP0490,Employee_490,Sales,173277,Kolkata,2017-10-01,5,Active
EMP0491,Employee_491,Finance,,Chennai,2018-11-19,1,On Leave
EMP0492,Employee_492,Engineering,128638,Kolkata,2023-02-26,10,Active
EMP0493,Employee_493,Sales,92434,Hyderabad,2020-07-08,2,Inactive
EMP0494,Employee_494,Operations,41508,Delhi,2020-10-29,14,On Leave
EMP0495,Employee_495,Finance,52256,Chennai,2016-01-27,17,Inactive
EMP0496,Employee_496,Operations,49616,Chennai,2021-05-14,2,
EMP0497,Employee_497,Operations,92068,Bangalore,2017-12-05,11,
EMP0498,Employee_498,Operations,115524,Bangalore,2020-01-29,9,Inactive
EMP0499,Employee_499,Engineering,65680,Kolkata,2021-07-22,4,Inactive
EMP0500,Employee_500,Engineering,152173,Bangalore,2019-07-24,4,On Leave
EMP0501,Employee_501,Sales,151463,Bangalore,2016-05-06,3,Inactive
EMP0502,Employee_502,Operations,40572,Delhi,2018-09-04,5,Active
EMP0503,Employee_503,Operations,123255,Hyderabad,2020-10-04,2,On Leave
EMP0504,Employee_504,Marketing,75578,Mumbai,2019-07-15,15,Inactive
EMP0505,Employee_505,Engineering,66645,Mumbai,2015-02-18,2,Inactive
EMP0506,Employee_506,Sales,135010,Bangalore,2022-09-12,3,On Leave
EMP0507,Employee_507,Engineering,,Mumbai,2017-03-20,15,Inactive
EMP0508,Employee_508,Engineering,116913,Mumbai,2015-06-24,15,Active
EMP0509,Employee_509,Sales,143549,Kolkata,2023-02-15,13,
EMP0510,Employee_510,Engineering,141847,Delhi,2018-12-20,7,Inactive
EMP0511,Employee_511,Marketing,68962,Mumbai,2021-11-20,20,Inactive
EMP0512,Employee_512,Operations,138001,Chennai,2020-05-16,2,Active
EMP0513,Employee_513,Marketing,139899,Delhi,2022-03-17,17,Inactive
EMP0514,Employee_514,Operations,172516,Kolkata,2015-03-21,13,On Leave
EMP0515,Employee_515,Finance,157055,Bangalore,2021-05-05,17,On Leave
EMP0516,Employee_516,Finance,36832,Bangalore,2021-09-11,8,Active
EMP0517,Employee_517,Marketing,153649,Chennai,2019-01-04,19,Inactive
EMP0518,Employee_518,Sales,93216,Bangalore,2020-12-25,2,Inactive
EMP0519,Employee_519,HR,131822,Bangalore,2016-12-12,6,Inactive
EMP0520,Employee_520,HR,124052,Chennai,2015-04-26,12,Inactive
EMP0521,Employee_521,HR,159034,Chennai,2018-06-19,6,
EMP0522,Employee_522,Engineering,90980,Chennai,2017-06-15,1,
EMP0523,Employee_523,Engineering,82812,Kolkata,2016-06-18,11,Inactive
EMP0524,Employee_524,Marketing,68721,Chennai,2022-11-26,5,Active
EMP0525,Employee_525,HR,49013,Bangalore,2022-11-25,13,Active
EMP0526,Employee_526,Marketing,65769,Delhi,2023-03-19,14,
EMP0527,Employee_527,Operations,177318,Pune,2021-11-18,12,Inactive
EMP0528,Employee_528,Operations,75967,Hyderabad,2018-06-10,10,Inactive
EMP0529,Employee_529,Sales,132655,Kolkata,2021-05-13,2,Inactive
EMP0530,Employee_530,HR,87906,Pune,2021-05-05,4,
EMP0531,Employee_531,Sales,50396,Delhi,2018-11-21,11,Inactive
EMP0532,Employee_532,Operations,53258,Kolkata,2022-12-13,11,
EMP0533,Employee_533,Engineering,95415,Pune,2015-10-05,12,On Leave
EMP0534,Employee_534,Engineering,42621,Hyderabad,2019-11-30,14,Inactive
EMP0535,Employee_535,Finance,129277,Bangalore,2021-02-14,13,Active
EMP0536,Employee_536,Finance,89135,Delhi,2020-01-23,3,Active
EMP0537,Employee_537,Marketing,,Bangalore,2016-03-04,3,On Leave
EMP0538,Employee_538,Sales,72180,Pune,2015-11-04,18,Active
EMP0539,Employee_539,Marketing,156546,Pune,2015-05-07,14,Inactive
EMP0540,Employee_540,HR,71183,Mumbai,2016-02-19,11,Inactive
EMP0541,Employee_541,Sales,175257,Pune,2023-03-09,18,On Leave
EMP0542,Employee_542,Operations,92271,Mumbai,2015-07-23,13,
EMP0543,Employee_543,Sales,31000,Hyderabad,2015-12-25,10,
EMP0544,Employee_544,Sales,84251,Delhi,2022-02-27,10,Active
EMP0545,Employee_545,Finance,110832,Kolkata,2019-06-17,16,
EMP0546,Employee_546,Operations,172639,Hyderabad,2017-01-27,12,
EMP0547,Employee_547,Marketing,41696,Bangalore,2019-12-07,15,On Leave
EMP0548,Employee_548,Sales,177913,Mumbai,2016-09-11,4,Active
EMP0549,Employee_549,Operations,171937,Hyderabad,2021-08-12,8,Active
EMP0550,Employee_550,Finance,139741,Chennai,2022-09-15,16,Inactive
EMP0551,Employee_551,Finance,133495,Kolkata,2023-01-04,2,Inactive
EMP0552,Employee_552,Engineering,147713,Delhi,2016-11-15,7,Inactive
EMP0553,Employee_553,Sales,,Mumbai,2022-08-30,14,Inactive
EMP0554,Employee_554,Operations,97603,Bangalore,2023-02-26,3,Active
EMP0555,Employee_555,Finance,174717,Bangalore,2018-02-05,17,
EMP0556,Employee_556,Engineering,166986,Kolkata,2019-09-15,4,
EMP0557,Employee_557,Sales,56267,Mumbai,2021-04-23,4,On Leave
EMP0558,Employee_558,HR,137712,Bangalore,2019-04-18,16,
EMP0559,Employee_559,Engineering,135637,Delhi,2021-12-07,20,
EMP0560,Employee_560,Engineering,116899,Pune,2017-08-31,2,
EMP0561,Employee_561,Marketing,35303,Bangalore,2018-05-26,10,On Leave
EMP0562,Employee_562,Finance,55747,Kolkata,2017-07-22,5,On Leave
EMP0563,Employee_563,Operations,114113,Bangalore,2023-03-05,14,Active
EMP0564,Employee_564,Sales,136737,Pune,2020-06-07,17,On Leave
EMP0565,Employee_565,Engineering,71673,Mumbai,2018-06-28,17,
EMP0566,Employee_566,Sales,167438,Chennai,2015-04-29,6,Inactive
EMP0567,Employee_567,Sales,95402,Mumbai,2020-02-13,2,On Leave
EMP0568,Employee_568,Operations,126561,Kolkata,2020-03-16,17,
EMP0569,Employee_569,Operations,38011,Delhi,2019-03-06,16,
EMP0570,Employee_570,Sales,154408,Chennai,2021-03-08,12,On Leave
EMP0571,Employee_571,Sales,97806,Pune,2022-09-22,3,On Leave
EMP0572,Employee_572,Engineering,72705,Kolkata,2021-06-01,7,Inactive
EMP0573,Employee_573,Operations,84193,Bangalore,2022-04-22,14,Active
EMP0574,Employee_574,Operations,,Delhi,2022-04-05,6,Active
EMP0575,Employee_575,Sales,110074,Pune,2022-12-15,9,
EMP0576,Employee_576,Finance,150323,Bangalore,2017-06-12,15,On Leave
EMP0577,Employee_577,Operations,134111,Chennai,2016-02-24,1,On Leave
EMP0578,Employee_578,HR,104102,Bangalore,2022-09-04,4,
EMP0579,Employee_579,Engineering,102478,Pune,2018-08-24,9,On Leave
EMP0580,Employee_580,Operations,108326,Delhi,2016-09-06,17,Inactive
EMP0581,Employee_581,Engineering,135931,Pune,2018-08-02,5,Active
EMP0582,Employee_582,Operations,107490,Bangalore,2019-09-11,13,
EMP0583,Employee_583,Operations,,Pune,2021-06-01,7,On Leave
EMP0584,Employee_584,Operations,170151,Pune,2020-05-02,12,On Leave
EMP0585,Employee_585,Sales,176341,Delhi,2018-04-18,4,
EMP0586,Employee_586,Sales,176546,Kolkata,2017-01-19,11,Active
EMP0587,Employee_587,Sales,110500,Hyderabad,2018-09-19,12,On Leave
EMP0588,Employee_588,HR,60875,Hyderabad,2015-08-08,19,Active
EMP0589,Employee_589,Finance,161197,Mumbai,2022-08-20,13,On Leave
EMP0590,Employee_590,Finance,69525,Delhi,2017-03-31,11,
EMP0591,Employee_591,HR,149949,Delhi,2018-07-19,6,Active
EMP0592,Employee_592,Finance,76353,Bangalore,2022-02-11,2,Active
EMP0593,Employee_593,Finance,74198,Chennai,2016-10-10,16,Active
EMP0594,Employee_594,Sales,142567,Hyderabad,2019-10-24,16,
EMP0595,Employee_595,Engineering,,Delhi,2023-03-12,12,Active
EMP0596,Employee_596,Marketing,169207,Delhi,2015-03-15,1,Inactive
EMP0597,Employee_597,Sales,120269,Bangalore,2016-06-12,4,
EMP0598,Employee_598,HR,73783,Mumbai,2015-07-07,10,On Leave
EMP0599,Employee_599,Finance,167394,Bangalore,2019-11-12,5,On Leave
EMP0600,Employee_600,Finance,79394,Delhi,2019-07-11,1,Inactive
EMP0601,Employee_601,Sales,64394,Delhi,2015-03-31,19,Inactive
EMP0602,Employee_602,Engineering,39794,Hyderabad,2022-03-07,9,Active
EMP0603,Employee_603,HR,58341,Pune,2015-03-22,2,Active
EMP0604,Employee_604,Finance,62399,Chennai,2017-11-01,16,Inactive
EMP0605,Employee_605,Sales,32439,Bangalore,2019-09-20,4,On Leave
EMP0606,Employee_606,HR,65956,Hyderabad,2016-03-05,17,Active
EMP0607,Employee_607,Marketing,57856,Hyderabad,2017-03-24,20,Inactive
EMP0608,Employee_608,Marketing,82867,Bangalore,2022-11-21,14,On Leave
EMP0609,Employee_609,Sales,,Hyderabad,2017-04-30,16,On Leave
EMP0610,Employee_610,Sales,,Pune,2015-12-31,4,
EMP0611,Employee_611,Sales,164140,Mumbai,2023-02-11,4,On Leave
EMP0612,Employee_612,Operations,107600,Bangalore,2020-03-16,2,Active
EMP0613,Employee_613,Sales,106170,Bangalore,2022-08-04,11,
EMP0614,Employee_614,Operations,42029,Mumbai,2016-07-20,6,On Leave
EMP0615,Employee_615,Marketing,100335,Pune,2016-01-16,12,On Leave
EMP0616,Employee_616,Sales,134923,Hyderabad,2018-01-18,13,
EMP0617,Employee_617,Finance,73720,Mumbai,2016-06-26,2,Inactive
EMP0618,Employee_618,Engineering,156530,Kolkata,2021-05-19,15,Inactive
EMP0619,Employee_619,HR,124004,Chennai,2015-04-29,5,
EMP0620,Employee_620,Finance,137815,Hyderabad,2015-07-08,3,On Leave
EMP0621,Employee_621,Operations,167577,Kolkata,2021-06-19,19,Inactive
EMP0622,Employee_622,Operations,166078,Chennai,2022-09-20,20,Active
EMP0623,Employee_623,Finance,95162,Hyderabad,2018-11-17,13,Inactive
EMP0624,Employee_624,HR,44304,Mumbai,2022-03-20,6,
EMP0625,Employee_625,Finance,49625,Kolkata,2020-07-06,11,Inactive
EMP0626,Employee_626,Marketing,43199,Chennai,2017-07-01,18,
EMP0627,Employee_627,Finance,50664,Hyderabad,2019-12-25,19,
EMP0628,Employee_628,Engineering,147196,Bangalore,2016-05-01,16,Active
EMP0629,Employee_629,Engineering,39393,Chennai,2021-02-27,1,Active
EMP0630,Employee_630,HR,109848,Chennai,2021-04-22,7,
EMP0631,Employee_631,Marketing,44227,Kolkata,2017-07-02,15,On Leave
EMP0632,Employee_632,HR,154029,Pune,2022-05-15,12,
EMP0633,Employee_633,Engineering,88129,Mumbai,2018-10-30,12,On Leave
EMP0634,Employee_634,HR,57871,Mumbai,2016-11-03,16,Inactive
EMP0635,Employee_635,Operations,137272,Mumbai,2017-11-07,20,Inactive
EMP0636,Employee_636,Sales,132995,Delhi,2020-02-16,7,On Leave
EMP0637,Employee_637,Engineering,42189,Pune,2022-07-16,19,Active
EMP0638,Employee_638,Finance,162172,Delhi,2020-08-05,1,Active
EMP0639,Employee_639,HR,156597,Chennai,2016-12-26,19,Inactive
EMP0640,Employee_640,Operations,57146,Hyderabad,2022-05-17,20,On Leave
EMP0641,Employee_641,HR,139750,Chennai,2022-10-07,8,On Leave
EMP0642,Employee_642,Finance,107115,Hyderabad,2016-06-30,5,
EMP0643,Employee_643,HR,164294,Bangalore,2022-11-13,18,On Leave
EMP0644,Employee_644,Operations,175118,Pune,2017-06-09,7,Inactive
EMP0645,Employee_645,HR,120516,Pune,2016-06-27,6,On Leave
EMP0646,Employee_646,Operations,122337,Chennai,2020-05-21,19,
EMP0647,Employee_647,Operations,169959,Bangalore,2019-09-27,1,Active
EMP0648,Employee_648,Engineering,43910,Pune,2015-08-20,7,On Leave
EMP0649,Employee_649,Sales,95683,Delhi,2015-09-12,10,Inactive
EMP0650,Employee_650,HR,,Kolkata,2020-01-28,4,Inactive
EMP0651,Employee_651,Operations,131944,Delhi,2020-09-23,10,Active
EMP0652,Employee_652,Finance,111960,Chennai,2015-08-09,1,On Leave
EMP0653,Employee_653,Sales,146146,Kolkata,2017-07-12,12,Inactive
EMP0654,Employee_654,Operations,107116,Hyderabad,2016-12-27,3,Inactive
EMP0655,Employee_655,Sales,61287,Hyderabad,2015-06-16,14,On Leave
EMP0656,Employee_656,HR,72186,Chennai,2017-11-10,1,On Leave
EMP0657,Employee_657,Finance,70581,Mumbai,2016-09-21,11,Active
EMP0658,Employee_658,Operations,108945,Hyderabad,2021-06-03,18,On Leave
EMP0659,Employee_659,Engineering,113324,Chennai,2017-06-19,6,Active
EMP0660,Employee_660,HR,172365,Chennai,2019-07-11,3,On Leave
EMP0661,Employee_661,Sales,117001,Bangalore,2019-01-17,10,Inactive
EMP0662,Employee_662,HR,177150,Kolkata,2022-04-13,1,Active
EMP0663,Employee_663,Operations,93005,Pune,2021-11-18,20,Inactive
EMP0664,Employee_664,Engineering,114131,Hyderabad,2016-04-09,13,On Leave
EMP0665,Employee_665,HR,36476,Chennai,2019-03-16,17,
EMP0666,Employee_666,Finance,,Pune,2017-02-27,11,Active
EMP0667,Employee_667,Engineering,171026,Chennai,2015-01-31,3,Inactive
EMP0668,Employee_668,Operations,85882,Kolkata,2022-09-08,14,Active
EMP0669,Employee_669,Sales,144094,Pune,2015-10-23,5,Active
EMP0670,Employee_670,Finance,39931,Mumbai,2015-10-28,2,Inactive
EMP0671,Employee_671,Marketing,89675,Bangalore,2019-07-28,13,
EMP0672,Employee_672,Operations,112943,Mumbai,2019-05-15,4,Active
EMP0673,Employee_673,Operations,46577,Kolkata,2021-07-26,2,Active
EMP0674,Employee_674,Marketing,57822,Bangalore,2022-09-10,10,Active
EMP0675,Employee_675,Marketing,144734,Hyderabad,2019-06-07,1,
EMP0676,Employee_676,Sales,65751,Pune,2019-05-21,18,On Leave
EMP0677,Employee_677,Operations,127813,Mumbai,2021-03-17,18,Inactive
EMP0678,Employee_678,Engineering,,Chennai,2021-09-09,13,Active
EMP0679,Employee_679,Marketing,120138,Delhi,2019-08-18,17,Inactive
EMP0680,Employee_680,Sales,96254,Delhi,2016-04-14,6,Active
EMP0681,Employee_681,HR,174091,Mumbai,2018-04-05,3,On Leave
EMP0682,Employee_682,Engineering,157714,Bangalore,2019-01-02,5,Inactive
EMP0683,Employee_683,Engineering,48299,Delhi,2018-07-25,16,
EMP0684,Employee_684,Marketing,110130,Pune,2021-07-20,5,On Leave
EMP0685,Employee_685,Marketing,74207,Mumbai,2018-07-06,8,Inactive
EMP0686,Employee_686,Operations,144327,Bangalore,2019-01-12,5,On Leave
EMP0687,Employee_687,Finance,124041,Kolkata,2018-06-05,16,Active
EMP0688,Employee_688,Sales,51488,Kolkata,2018-02-23,5,Inactive
EMP0689,Employee_689,Marketing,50044,Pune,2015-11-05,1,Active
EMP0690,Employee_690,HR,85773,Mumbai,2021-03-09,9,
EMP0691,Employee_691,Operations,125897,Hyderabad,2017-07-03,19,On Leave
EMP0692,Employee_692,Sales,163801,Mumbai,2019-06-14,12,Active
EMP0693,Employee_693,Operations,73474,Kolkata,2020-10-06,5,
EMP0694,Employee_694,Sales,178324,Pune,2016-08-21,16,On Leave
EMP0695,Employee_695,Engineering,157832,Delhi,2015-09-15,9,On Leave
EMP0696,Employee_696,Sales,,Delhi,2020-10-22,12,
EMP0697,Employee_697,Finance,42173,Mumbai,2022-04-10,11,Active
EMP0698,Employee_698,Operations,101695,Kolkata,2017-12-14,19,Inactive
EMP0699,Employee_699,Finance,125760,Chennai,2022-04-30,3,On Leave
EMP0700,Employee_700,Finance,88431,Chennai,2019-07-21,12,On Leave
EMP0701,Employee_701,Finance,31729,Chennai,2016-07-23,15,Inactive
EMP0702,Employee_702,Sales,103612,Delhi,2016-09-07,6,Inactive
EMP0703,Employee_703,Marketing,61019,Pune,2017-08-01,14,On Leave
EMP0704,Employee_704,Operations,155518,Hyderabad,2017-05-13,19,Inactive
EMP0705,Employee_705,Operations,35884,Delhi,2015-06-26,5,Inactive
EMP0706,Employee_706,Sales,40273,Chennai,2016-08-24,2,Inactive
EMP0707,Employee_707,Marketing,165434,Hyderabad,2021-09-20,19,Active
EMP0708,Employee_708,Operations,104305,Mumbai,2017-06-06,15,
EMP0709,Employee_709,Finance,137680,Chennai,2016-08-07,19,Inactive
EMP0710,Employee_710,HR,99342,Delhi,2023-02-14,11,
EMP0711,Employee_711,HR,90244,Hyderabad,2019-04-28,5,Active
EMP0712,Employee_712,Engineering,162214,Pune,2019-09-16,5,Active
EMP0713,Employee_713,Sales,40233,Kolkata,2020-12-16,17,Active
EMP0714,Employee_714,Engineering,64164,Chennai,2021-01-17,1,
EMP0715,Employee_715,HR,41387,Pune,2020-12-10,14,Inactive
EMP0716,Employee_716,Finance,129938,Bangalore,2021-08-09,19,Active
EMP0717,Employee_717,Finance,155079,Kolkata,2017-08-10,3,On Leave
EMP0718,Employee_718,HR,137124,Bangalore,2017-02-13,1,Active
EMP0719,Employee_719,HR,166252,Mumbai,2019-03-17,7,On Leave
EMP0720,Employee_720,Finance,70574,Hyderabad,2022-04-22,19,On Leave
EMP0721,Employee_721,Marketing,141034,Chennai,2019-02-06,20,On Leave
EMP0722,Employee_722,Operations,83397,Hyderabad,2021-03-11,18,
EMP0723,Employee_723,Sales,175466,Hyderabad,2017-11-05,10,On Leave
EMP0724,Employee_724,Operations,66193,Kolkata,2022-05-24,4,Inactive
EMP0725,Employee_725,Finance,72413,Mumbai,2017-05-28,17,
EMP0726,Employee_726,Marketing,43645,Delhi,2019-05-13,1,Active
EMP0727,Employee_727,Sales,144131,Mumbai,2015-09-20,9,Inactive
EMP0728,Employee_728,Marketing,39897,Pune,2019-04-24,13,On Leave
EMP0729,Employee_729,Operations,45063,Kolkata,2016-12-18,16,
EMP0730,Employee_730,Engineering,165830,Bangalore,2017-03-08,2,Inactive
EMP0731,Employee_731,HR,39453,Bangalore,2017-09-06,1,Inactive
EMP0732,Employee_732,Engineering,134709,Bangalore,2022-07-05,13,
EMP0733,Employee_733,HR,34028,Pune,2022-11-22,3,Active
EMP0734,Employee_734,HR,176568,Chennai,2018-11-26,12,On Leave
EMP0735,Employee_735,Sales,80993,Hyderabad,2019-07-13,19,Active
EMP0736,Employee_736,Marketing,162707,Mumbai,2021-04-07,3,On Leave
EMP0737,Employee_737,Marketing,164555,Bangalore,2021-01-12,19,On Leave
EMP0738,Employee_738,Operations,128849,Chennai,2020-06-03,8,On Leave
EMP0739,Employee_739,Finance,37169,Hyderabad,2016-04-21,9,Active
EMP0740,Employee_740,Finance,87771,Pune,2022-11-12,8,On Leave
EMP0741,Employee_741,Finance,165398,Chennai,2015-02-09,9,Inactive
EMP0742,Employee_742,Marketing,119651,Mumbai,2021-03-21,6,
EMP0743,Employee_743,Marketing,100536,Delhi,2022-08-30,7,
EMP0744,Employee_744,Operations,93453,Kolkata,2017-12-23,7,Inactive
EMP0745,Employee_745,Sales,123330,Delhi,2016-03-12,4,Active
EMP0746,Employee_746,Operations,159149,Chennai,2015-01-28,18,Active
EMP0747,Employee_747,Finance,112684,Hyderabad,2021-06-11,9,
EMP0748,Employee_748,Sales,163990,Bangalore,2019-06-18,8,Inactive
EMP0749,Employee_749,Engineering,140933,Hyderabad,2021-01-23,2,On Leave
EMP0750,Employee_750,Finance,75822,Hyderabad,2016-05-08,17,
EMP0751,Employee_751,Marketing,33098,Pune,2017-05-13,13,Active
EMP0752,Employee_752,Marketing,98078,Delhi,2021-02-24,9,Inactive
EMP0753,Employee_753,Marketing,119940,Bangalore,2017-01-23,16,
EMP0754,Employee_754,Sales,127598,Bangalore,2019-06-29,9,
EMP0755,Employee_755,Sales,89917,Kolkata,2016-02-14,9,Inactive
EMP0756,Employee_756,HR,129846,Delhi,2016-08-20,5,
EMP0757,Employee_757,Engineering,160966,Delhi,2022-01-27,17,On Leave
EMP0758,Employee_758,Finance,177361,Kolkata,2021-05-14,2,
EMP0759,Employee_759,Engineering,45738,Delhi,2017-11-07,16,Active
EMP0760,Employee_760,Finance,98096,Bangalore,2019-01-15,18,On Leave
EMP0761,Employee_761,Marketing,,Mumbai,2018-12-09,20,Inactive
EMP0762,Employee_762,HR,171148,Delhi,2018-03-11,12,On Leave
EMP0763,Employee_763,Operations,147160,Mumbai,2019-04-10,20,On Leave
EMP0764,Employee_764,Finance,67971,Kolkata,2016-11-17,11,
EMP0765,Employee_765,Operations,136108,Kolkata,2015-10-20,3,Inactive
EMP0766,Employee_766,Marketing,113067,Pune,2018-04-08,9,
EMP0767,Employee_767,Marketing,125201,Pune,2021-08-01,17,
EMP0768,Employee_768,Finance,36055,Delhi,2023-02-28,8,On Leave
EMP0769,Employee_769,Operations,50988,Delhi,2016-11-14,13,Active
EMP0770,Employee_770,Engineering,154042,Chennai,2015-08-09,1,
EMP0771,Employee_771,HR,51823,Mumbai,2017-12-11,20,Inactive
EMP0772,Employee_772,Engineering,132195,Bangalore,2017-07-28,8,On Leave
EMP0773,Employee_773,Finance,64413,Chennai,2016-11-29,1,Active
EMP0774,Employee_774,Operations,115249,Kolkata,2020-05-04,15,On Leave
EMP0775,Employee_775,HR,171371,Delhi,2021-08-17,20,
EMP0776,Employee_776,Operations,177845,Hyderabad,2020-11-14,18,On Leave
EMP0777,Employee_777,Marketing,89540,Kolkata,2016-01-02,15,On Leave
EMP0778,Employee_778,Marketing,70820,Bangalore,2015-02-13,1,Inactive
EMP0779,Employee_779,Marketing,170272,Mumbai,2022-09-18,16,
EMP0780,Employee_780,Marketing,,Hyderabad,2018-04-14,20,Inactive
EMP0781,Employee_781,Engineering,79432,Hyderabad,2021-04-15,14,
EMP0782,Employee_782,Sales,132163,Kolkata,2019-03-30,8,On Leave
EMP0783,Employee_783,Engineering,92799,Chennai,2021-11-16,9,On Leave
EMP0784,Employee_784,Operations,100470,Hyderabad,2017-02-09,3,Inactive
EMP0785,Employee_785,Sales,149365,Chennai,2020-01-29,9,
EMP0786,Employee_786,Sales,69885,Mumbai,2020-12-31,1,Inactive
EMP0787,Employee_787,Engineering,62778,Pune,2019-12-01,1,Inactive
EMP0788,Employee_788,Engineering,159388,Delhi,2018-11-01,14,On Leave
EMP0789,Employee_789,Finance,151552,Pune,2015-05-10,11,Active
EMP0790,Employee_790,Sales,132871,Mumbai,2021-02-02,16,Inactive
EMP0791,Employee_791,Sales,95556,Kolkata,2019-04-12,1,Active
EMP0792,Employee_792,Operations,146119,Delhi,2015-05-18,7,
EMP0793,Employee_793,Operations,166613,Pune,2017-05-03,16,
EMP0794,Employee_794,Operations,114689,Delhi,2022-01-21,2,Active
EMP0795,Employee_795,Marketing,108332,Delhi,2019-01-16,2,Inactive
EMP0796,Employee_796,Engineering,143812,Bangalore,2015-03-03,6,On Leave
EMP0797,Employee_797,HR,93724,Mumbai,2015-06-22,19,
EMP0798,Employee_798,Operations,127359,Kolkata,2016-01-02,8,Inactive
EMP0799,Employee_799,Finance,118715,Kolkata,2022-01-04,2,Active
EMP0800,Employee_800,Marketing,170601,Kolkata,2016-03-15,5,
EMP0801,Employee_801,Sales,176368,Kolkata,2022-03-25,12,
EMP0802,Employee_802,Operations,129029,Bangalore,2023-02-15,5,On Leave
EMP0803,Employee_803,Engineering,144688,Chennai,2018-04-22,18,
EMP0804,Employee_804,Sales,172506,Bangalore,2018-08-18,15,On Leave
EMP0805,Employee_805,HR,175364,Delhi,2015-10-10,17,Inactive
EMP0806,Employee_806,Finance,99035,Chennai,2019-02-12,15,Active
EMP0807,Employee_807,Operations,78636,Mumbai,2021-12-13,12,Inactive
EMP0808,Employee_808,Marketing,171284,Kolkata,2019-05-07,7,
EMP0809,Employee_809,HR,104220,Bangalore,2019-08-06,11,Active
EMP0810,Employee_810,Engineering,47479,Mumbai,2016-06-15,6,Active
EMP0811,Employee_811,Sales,80231,Mumbai,2015-05-11,19,
EMP0812,Employee_812,Operations,97092,Mumbai,2019-02-09,8,Active
EMP0813,Employee_813,Engineering,84719,Pune,2020-07-05,3,
EMP0814,Employee_814,Operations,176281,Pune,2019-08-31,12,Active
EMP0815,Employee_815,HR,40656,Pune,2015-10-16,10,Active
EMP0816,Employee_816,Sales,55459,Mumbai,2023-02-18,8,
EMP0817,Employee_817,Sales,95211,Chennai,2022-01-05,6,
EMP0818,Employee_818,Operations,123837,Pune,2020-02-22,14,Active
EMP0819,Employee_819,Sales,174170,Hyderabad,2020-08-29,11,Inactive
EMP0820,Employee_820,HR,146132,Bangalore,2018-07-14,18,On Leave
EMP0821,Employee_821,Marketing,142876,Kolkata,2023-02-21,11,Inactive
EMP0822,Employee_822,HR,128320,Kolkata,2021-03-03,9,On Leave
EMP0823,Employee_823,Finance,134094,Mumbai,2023-02-22,2,On Leave
EMP0824,Employee_824,HR,,Delhi,2018-05-21,1,On Leave
EMP0825,Employee_825,Sales,112550,Mumbai,2022-09-26,9,Inactive
EMP0826,Employee_826,Engineering,,Bangalore,2016-10-01,5,On Leave
EMP0827,Employee_827,Marketing,95498,Delhi,2017-11-15,10,Active
EMP0828,Employee_828,HR,86999,Pune,2015-11-13,11,
EMP0829,Employee_829,Sales,54999,Chennai,2022-03-15,10,Active
EMP0830,Employee_830,Operations,130020,Mumbai,2015-08-18,11,On Leave
EMP0831,Employee_831,Finance,61598,Kolkata,2017-07-17,20,Active
EMP0832,Employee_832,Operations,130266,Mumbai,2018-06-02,17,Active
EMP0833,Employee_833,Marketing,69211,Bangalore,2020-08-19,8,Inactive
EMP0834,Employee_834,Engineering,132991,Hyderabad,2021-09-03,19,Active
EMP0835,Employee_835,Sales,133369,Delhi,2016-06-25,11,Active
EMP0836,Employee_836,Finance,42926,Chennai,2019-06-24,9,Active
EMP0837,Employee_837,Finance,64177,Kolkata,2016-07-06,16,Inactive
EMP0838,Employee_838,Finance,179770,Delhi,2021-04-17,20,Inactive
EMP0839,Employee_839,Sales,142739,Bangalore,2022-09-05,19,Active
EMP0840,Employee_840,Engineering,141028,Bangalore,2018-11-27,7,On Leave
EMP0841,Employee_841,Marketing,36345,Kolkata,2018-06-02,6,On Leave
EMP0842,Employee_842,HR,145922,Chennai,2016-08-20,15,Active
EMP0843,Employee_843,Sales,127994,Delhi,2023-03-03,3,Active
EMP0844,Employee_844,Operations,68712,Kolkata,2018-03-24,1,On Leave
EMP0845,Employee_845,Operations,109984,Hyderabad,2020-04-13,1,On Leave
EMP0846,Employee_846,Sales,85541,Delhi,2021-02-16,17,On Leave
EMP0847,Employee_847,HR,67053,Pune,2022-11-02,1,
EMP0848,Employee_848,HR,168097,Mumbai,2017-11-12,6,Active
EMP0849,Employee_849,Marketing,101114,Mumbai,2020-03-19,1,Active
EMP0850,Employee_850,Finance,124429,Kolkata,2016-03-17,1,On Leave
EMP0851,Employee_851,Operations,129798,Chennai,2022-12-16,4,On Leave
EMP0852,Employee_852,Finance,169345,Mumbai,2017-02-02,7,
EMP0853,Employee_853,HR,35633,Mumbai,2017-10-10,17,On Leave
EMP0854,Employee_854,Marketing,71157,Mumbai,2018-11-21,12,On Leave
EMP0855,Employee_855,Operations,161400,Bangalore,2015-09-11,9,
EMP0856,Employee_856,Engineering,103451,Delhi,2016-09-13,11,
EMP0857,Employee_857,Operations,130193,Chennai,2022-08-09,20,Inactive
EMP0858,Employee_858,Finance,70042,Hyderabad,2018-07-03,20,On Leave
EMP0859,Employee_859,Finance,84200,Pune,2016-07-21,19,Inactive
EMP0860,Employee_860,Sales,167312,Delhi,2019-10-28,5,Inactive
EMP0861,Employee_861,Marketing,169712,Pune,2016-04-29,6,On Leave
EMP0862,Employee_862,Sales,113542,Hyderabad,2019-08-12,10,
EMP0863,Employee_863,Operations,101774,Delhi,2017-02-08,4,Inactive
EMP0864,Employee_864,Sales,,Chennai,2021-12-02,9,Inactive
EMP0865,Employee_865,HR,36837,Bangalore,2015-11-22,16,Inactive
EMP0866,Employee_866,HR,152883,Pune,2022-04-14,12,Inactive
EMP0867,Employee_867,Finance,66048,Delhi,2017-03-02,8,Active
EMP0868,Employee_868,Finance,33935,Bangalore,2019-08-19,8,Inactive
EMP0869,Employee_869,Sales,145155,Kolkata,2021-12-02,16,On Leave
EMP0870,Employee_870,Finance,142081,Hyderabad,2015-06-21,20,
EMP0871,Employee_871,Operations,179929,Chennai,2021-01-05,17,Active
EMP0872,Employee_872,HR,149773,Kolkata,2015-06-23,8,
EMP0873,Employee_873,Operations,,Hyderabad,2020-10-15,2,Inactive
EMP0874,Employee_874,Marketing,109837,Kolkata,2018-03-17,15,Inactive
EMP0875,Employee_875,Finance,44299,Pune,2020-10-18,5,
EMP0876,Employee_876,Operations,161244,Mumbai,2017-01-06,19,Inactive
EMP0877,Employee_877,Finance,148197,Mumbai,2017-01-02,15,Inactive
EMP0878,Employee_878,Finance,114954,Pune,2022-04-10,6,Active
EMP0879,Employee_879,Engineering,147807,Pune,2019-01-26,3,
EMP0880,Employee_880,Operations,164130,Chennai,2016-10-16,13,
EMP0881,Employee_881,Engineering,117868,Chennai,2022-05-25,5,Inactive
EMP0882,Employee_882,Sales,43450,Hyderabad,2018-06-15,10,
EMP0883,Employee_883,Marketing,60816,Delhi,2017-04-10,1,On Leave
EMP0884,Employee_884,Engineering,160716,Chennai,2015-01-24,20,
EMP0885,Employee_885,Sales,154705,Hyderabad,2019-08-07,15,Active
EMP0886,Employee_886,HR,94150,Chennai,2018-02-13,20,Inactive
EMP0887,Employee_887,Engineering,44434,Pune,2018-11-30,2,Inactive
EMP0888,Employee_888,Engineering,108234,Bangalore,2015-12-26,2,Active
EMP0889,Employee_889,Finance,72293,Pune,2018-03-10,20,Inactive
EMP0890,Employee_890,Finance,124421,Mumbai,2016-01-17,10,On Leave
EMP0891,Employee_891,Marketing,47738,Kolkata,2019-10-17,18,Active
EMP0892,Employee_892,Marketing,61987,Pune,2018-01-29,11,
EMP0893,Employee_893,HR,84801,Chennai,2015-08-27,4,Active
EMP0894,Employee_894,Finance,105284,Hyderabad,2021-10-29,11,On Leave
EMP0895,Employee_895,HR,122760,Delhi,2021-11-21,19,
EMP0896,Employee_896,HR,160479,Hyderabad,2017-01-06,20,Inactive
EMP0897,Employee_897,Operations,80739,Mumbai,2016-04-29,1,
EMP0898,Employee_898,Operations,84350,Kolkata,2021-11-25,14,
EMP0899,Employee_899,Engineering,176909,Kolkata,2022-02-24,7,Active
EMP0900,Employee_900,Operations,103826,Bangalore,2015-10-05,10,On Leave
EMP0901,Employee_901,HR,31607,Mumbai,2022-09-10,11,On Leave
EMP0902,Employee_902,Finance,37632,Kolkata,2016-12-20,7,On Leave
EMP0903,Employee_903,Marketing,155595,Hyderabad,2015-05-26,5,
EMP0904,Employee_904,Sales,170762,Bangalore,2020-03-09,14,Active
EMP0905,Employee_905,HR,112707,Chennai,2021-01-03,1,Inactive
EMP0906,Employee_906,HR,122692,Mumbai,2016-09-03,9,Active
EMP0907,Employee_907,Marketing,170056,Kolkata,2016-11-10,19,
EMP0908,Employee_908,Sales,110814,Pune,2018-07-12,2,On Leave
EMP0909,Employee_909,Finance,92296,Bangalore,2020-01-26,10,Inactive
EMP0910,Employee_910,HR,59420,Bangalore,2015-06-03,7,Active
EMP0911,Employee_911,Finance,156527,Chennai,2016-09-23,7,On Leave
EMP0912,Employee_912,Finance,167265,Bangalore,2018-09-02,5,Active
EMP0913,Employee_913,HR,64791,Delhi,2023-02-15,2,
EMP0914,Employee_914,Finance,166929,Mumbai,2015-01-17,10,Active
EMP0915,Employee_915,Operations,52826,Bangalore,2020-03-27,2,Active
EMP0916,Employee_916,HR,111914,Mumbai,2021-06-23,10,Inactive
EMP0917,Employee_917,Marketing,105121,Bangalore,2020-12-20,11,
EMP0918,Employee_918,Operations,69143,Delhi,2018-01-25,4,Active
EMP0919,Employee_919,HR,56837,Delhi,2021-01-31,12,On Leave
EMP0920,Employee_920,Marketing,104256,Chennai,2017-09-29,6,Active
EMP0921,Employee_921,Marketing,118798,Chennai,2019-12-23,2,Inactive
EMP0922,Employee_922,Engineering,43226,Mumbai,2019-04-21,2,Active
EMP0923,Employee_923,Finance,146873,Chennai,2018-12-27,10,On Leave
EMP0924,Employee_924,Sales,169849,Mumbai,2020-03-22,19,Inactive
EMP0925,Employee_925,Engineering,152755,Mumbai,2020-02-10,10,
EMP0926,Employee_926,Finance,88666,Delhi,2021-12-01,9,On Leave
EMP0927,Employee_927,Finance,116593,Kolkata,2018-08-23,15,
EMP0928,Employee_928,Engineering,59592,Bangalore,2020-05-14,15,Inactive
EMP0929,Employee_929,Marketing,63395,Chennai,2016-02-26,13,Active
EMP0930,Employee_930,Marketing,48592,Kolkata,2018-05-22,18,
EMP0931,Employee_931,Finance,92541,Chennai,2017-09-25,18,Inactive
EMP0932,Employee_932,Finance,119316,Delhi,2022-10-13,19,
EMP0933,Employee_933,Finance,119705,Chennai,2022-10-14,8,Inactive
EMP0934,Employee_934,Operations,157567,Mumbai,2021-08-22,20,
EMP0935,Employee_935,Marketing,146710,Delhi,2018-06-15,13,Active
EMP0936,Employee_936,HR,129329,Bangalore,2020-07-17,2,Active
EMP0937,Employee_937,Sales,30048,Kolkata,2016-08-23,5,
EMP0938,Employee_938,HR,147220,Delhi,2017-04-22,11,On Leave
EMP0939,Employee_939,HR,109835,Hyderabad,2023-01-19,12,Active
EMP0940,Employee_940,HR,,Chennai,2019-07-14,5,On Leave
EMP0941,Employee_941,Engineering,173886,Mumbai,2015-01-04,18,On Leave
EMP0942,Employee_942,Engineering,38174,Delhi,2019-11-04,19,
EMP0943,Employee_943,Operations,130346,Hyderabad,2019-04-12,14,Inactive
EMP0944,Employee_944,Operations,66456,Delhi,2021-03-25,13,On Leave
EMP0945,Employee_945,Finance,62911,Delhi,2015-02-17,3,Active
EMP0946,Employee_946,Sales,157585,Pune,2019-11-24,5,Active
EMP0947,Employee_947,Sales,139014,Kolkata,2020-02-11,20,
EMP0948,Employee_948,HR,163540,Hyderabad,2021-03-11,15,
EMP0949,Employee_949,Marketing,141351,Chennai,2015-01-31,19,
EMP0950,Employee_950,Operations,161525,Bangalore,2019-08-10,18,On Leave
EMP0951,Employee_951,Engineering,178937,Hyderabad,2022-11-27,12,Active
EMP0952,Employee_952,HR,50988,Delhi,2023-03-10,17,On Leave
EMP0953,Employee_953,Finance,167194,Chennai,2015-12-29,8,
EMP0954,Employee_954,Operations,50468,Pune,2022-02-08,18,On Leave
EMP0955,Employee_955,HR,120058,Chennai,2015-02-14,16,
EMP0956,Employee_956,HR,116904,Hyderabad,2018-12-16,10,On Leave
EMP0957,Employee_957,Sales,,Chennai,2018-05-30,19,On Leave
EMP0958,Employee_958,Engineering,74323,Chennai,2015-07-31,10,Active
EMP0959,Employee_959,Marketing,63245,Chennai,2015-11-11,9,On Leave
EMP0960,Employee_960,Sales,102146,Kolkata,2017-11-18,1,Active
EMP0961,Employee_961,HR,69619,Pune,2020-01-04,12,Inactive
EMP0962,Employee_962,Marketing,91917,Hyderabad,2017-01-10,17,Active
EMP0963,Employee_963,Marketing,68029,Chennai,2016-09-23,16,
EMP0964,Employee_964,Finance,145391,Pune,2022-02-24,6,Inactive
EMP0965,Employee_965,HR,120459,Mumbai,2022-03-15,9,Active
EMP0966,Employee_966,Engineering,134528,Hyderabad,2018-05-19,16,Inactive
EMP0967,Employee_967,Finance,132254,Hyderabad,2017-12-11,5,
EMP0968,Employee_968,Engineering,147655,Hyderabad,2022-08-11,11,Active
EMP0969,Employee_969,Engineering,122753,Kolkata,2019-11-04,20,On Leave
EMP0970,Employee_970,Marketing,55762,Bangalore,2022-05-04,19,
EMP0971,Employee_971,Finance,93385,Pune,2022-07-15,19,Inactive
EMP0972,Employee_972,HR,77164,Bangalore,2021-02-21,1,Active
EMP0973,Employee_973,Engineering,,Mumbai,2020-11-21,4,
EMP0974,Employee_974,Marketing,104264,Bangalore,2017-03-01,2,Active
EMP0975,Employee_975,HR,86839,Chennai,2022-02-26,4,Active
EMP0976,Employee_976,Engineering,64054,Hyderabad,2022-05-12,19,Inactive
EMP0977,Employee_977,Engineering,96410,Bangalore,2020-03-27,3,
EMP0978,Employee_978,Marketing,114778,Bangalore,2016-10-25,3,On Leave
EMP0979,Employee_979,Engineering,117203,Mumbai,2017-11-23,9,Inactive
EMP0980,Employee_980,Finance,82604,Chennai,2019-05-28,6,
EMP0981,Employee_981,Engineering,143050,Delhi,2021-11-19,4,
EMP0982,Employee_982,Operations,39138,Mumbai,2015-10-16,19,On Leave
EMP0983,Employee_983,Finance,,Hyderabad,2016-09-01,1,Active
EMP0984,Employee_984,Operations,69742,Pune,2018-09-12,13,Active
EMP0985,Employee_985,HR,158628,Hyderabad,2019-11-22,13,Active
EMP0986,Employee_986,HR,130774,Pune,2020-05-28,4,On Leave
EMP0987,Employee_987,Marketing,135018,Mumbai,2022-02-02,3,On Leave
EMP0988,Employee_988,HR,119145,Mumbai,2020-02-26,10,Inactive
EMP0989,Employee_989,Sales,130706,Pune,2017-02-21,10,
EMP0990,Employee_990,Engineering,124178,Hyderabad,2015-12-14,15,Inactive
EMP0991,Employee_991,Sales,,Mumbai,2023-01-27,19,Inactive
EMP0992,Employee_992,Finance,171702,Pune,2018-06-14,16,
EMP0993,Employee_993,Engineering,,Mumbai,2018-10-15,2,
EMP0994,Employee_994,Engineering,167132,Hyderabad,2022-08-09,18,Inactive
EMP0995,Employee_995,Operations,48883,Mumbai,2016-08-02,16,Active
EMP0996,Employee_996,Finance,42006,Delhi,2022-11-12,5,Active
EMP0997,Employee_997,Sales,110566,Kolkata,2016-02-03,15,Inactive
EMP0998,Employee_998,HR,57874,Mumbai,2020-07-29,20,Inactive
EMP0999,Employee_999,Engineering,141728,Bangalore,2022-08-10,13,On Leave
EMP1000,Employee_1000,Engineering,173100,Delhi,2018-08-10,7,Active
